dataset,optimiser,initialisation,seed,test_mse
Abalone,sgd,heuristic,0,0.013800202786310098
Abalone,sgd,heuristic,1,0.013768224822967154
Abalone,sgd,heuristic,2,0.013844113708194555
Abalone,sgd,heuristic,3,0.013894394021332706
Abalone,sgd,heuristic,4,0.013761320171844848
Abalone,rmsprop,heuristic,0,0.013649106674717179
Abalone,rmsprop,heuristic,1,0.013716819259186237
Abalone,rmsprop,heuristic,2,0.013792700801764552
Abalone,rmsprop,heuristic,3,0.01389394489154484
Abalone,rmsprop,heuristic,4,0.013847129740042714
Abalone,sgd,casp_single,0,0.01386819916655816
Abalone,sgd,casp_single,1,0.01387220004572459
Abalone,sgd,casp_single,2,0.013867291451604005
Abalone,sgd,casp_single,3,0.013866846666844448
Abalone,sgd,casp_single,4,0.013867992778295342
Abalone,rmsprop,casp_single,0,0.013814748814578979
Abalone,rmsprop,casp_single,1,0.013820769782153608
Abalone,rmsprop,casp_single,2,0.013836308509179834
Abalone,rmsprop,casp_single,3,0.013805648615044321
Abalone,rmsprop,casp_single,4,0.013812245165742719
Abalone,sgd,casp_adapt,0,0.013870237912464684
Abalone,sgd,casp_adapt,1,0.013876167109651238
Abalone,sgd,casp_adapt,2,0.013869146428659511
Abalone,sgd,casp_adapt,3,0.013868801283259647
Abalone,sgd,casp_adapt,4,0.013870434602638952
Abalone,rmsprop,casp_adapt,0,0.013861434942662555
Abalone,rmsprop,casp_adapt,1,0.013863332098760981
Abalone,rmsprop,casp_adapt,2,0.013872955252338687
Abalone,rmsprop,casp_adapt,3,0.013870797619430716
Abalone,rmsprop,casp_adapt,4,0.013868270665157459
Abalone,sgd,random_gauss,0,0.013781582505660158
Abalone,sgd,random_gauss,1,0.013837231402432256
Abalone,sgd,random_gauss,2,0.01395047891943251
Abalone,sgd,random_gauss,3,0.013991816956693083
Abalone,sgd,random_gauss,4,0.013872287746098489
Abalone,rmsprop,random_gauss,0,0.013449026943617815
Abalone,rmsprop,random_gauss,1,0.013894270980137978
Abalone,rmsprop,random_gauss,2,0.013905754671473989
Abalone,rmsprop,random_gauss,3,0.013881713961713034
Abalone,rmsprop,random_gauss,4,0.01379677625906514
Abalone,sgd,kmeans_mf,0,0.013829544463131001
Abalone,sgd,kmeans_mf,1,0.013769464846546264
Abalone,sgd,kmeans_mf,2,0.013784779079201134
Abalone,sgd,kmeans_mf,3,0.01384624058484687
Abalone,sgd,kmeans_mf,4,0.01372485435325317
Abalone,rmsprop,kmeans_mf,0,0.013733852464185013
Abalone,rmsprop,kmeans_mf,1,0.013717269252969662
Abalone,rmsprop,kmeans_mf,2,0.013738476409221238
Abalone,rmsprop,kmeans_mf,3,0.013790202774078905
Abalone,rmsprop,kmeans_mf,4,0.01366856499124355
Airfoil,sgd,heuristic,0,0.0332425947978628
Airfoil,sgd,heuristic,1,0.03324657297017023
Airfoil,sgd,heuristic,2,0.03324737272969486
Airfoil,sgd,heuristic,3,0.03324773388065216
Airfoil,sgd,heuristic,4,0.03324124889851061
Airfoil,rmsprop,heuristic,0,0.03320760699606549
Airfoil,rmsprop,heuristic,1,0.03321524357578035
Airfoil,rmsprop,heuristic,2,0.033202400768039944
Airfoil,rmsprop,heuristic,3,0.033219703989283304
Airfoil,rmsprop,heuristic,4,0.03320169571021287
Airfoil,sgd,casp_single,0,0.03284582694736865
Airfoil,sgd,casp_single,1,0.03284408487277002
Airfoil,sgd,casp_single,2,0.032845189354910896
Airfoil,sgd,casp_single,3,0.03284792705739652
Airfoil,sgd,casp_single,4,0.032845471138444805
Airfoil,rmsprop,casp_single,0,0.03309540384166839
Airfoil,rmsprop,casp_single,1,0.03310351966724598
Airfoil,rmsprop,casp_single,2,0.03314407173840317
Airfoil,rmsprop,casp_single,3,0.0331844778880867
Airfoil,rmsprop,casp_single,4,0.033105047058018554
Airfoil,sgd,casp_adapt,0,0.033496639876258054
Airfoil,sgd,casp_adapt,1,0.03349720994894812
Airfoil,sgd,casp_adapt,2,0.03349682003847906
Airfoil,sgd,casp_adapt,3,0.033502935302528125
Airfoil,sgd,casp_adapt,4,0.03349140492982077
Airfoil,rmsprop,casp_adapt,0,0.033125401135481694
Airfoil,rmsprop,casp_adapt,1,0.03312169177848113
Airfoil,rmsprop,casp_adapt,2,0.03309607973846686
Airfoil,rmsprop,casp_adapt,3,0.033128052597717665
Airfoil,rmsprop,casp_adapt,4,0.03312539442278278
Airfoil,sgd,random_gauss,0,0.03306538313295832
Airfoil,sgd,random_gauss,1,0.03279836801242496
Airfoil,sgd,random_gauss,2,0.03317400371015856
Airfoil,sgd,random_gauss,3,0.03343582572435581
Airfoil,sgd,random_gauss,4,0.03658047797164567
Airfoil,rmsprop,random_gauss,0,0.03328442615591243
Airfoil,rmsprop,random_gauss,1,0.03326754724467258
Airfoil,rmsprop,random_gauss,2,0.033200173517492146
Airfoil,rmsprop,random_gauss,3,0.03308525697639306
Airfoil,rmsprop,random_gauss,4,0.03682675294473466
Airfoil,sgd,kmeans_mf,0,0.03267426381208815
Airfoil,sgd,kmeans_mf,1,0.032661465862429406
Airfoil,sgd,kmeans_mf,2,0.03266845778146285
Airfoil,sgd,kmeans_mf,3,0.03266399711444428
Airfoil,sgd,kmeans_mf,4,0.032670554781886595
Airfoil,rmsprop,kmeans_mf,0,0.03301850249424467
Airfoil,rmsprop,kmeans_mf,1,0.033021214455291624
Airfoil,rmsprop,kmeans_mf,2,0.03297099497740306
Airfoil,rmsprop,kmeans_mf,3,0.03304388418877966
Airfoil,rmsprop,kmeans_mf,4,0.03302549924560606
AutoMPG,sgd,heuristic,0,0.04425531157028967
AutoMPG,sgd,heuristic,1,0.04429445163187924
AutoMPG,sgd,heuristic,2,0.04402056057819984
AutoMPG,sgd,heuristic,3,0.04414210964117638
AutoMPG,sgd,heuristic,4,0.044525721459956855
AutoMPG,rmsprop,heuristic,0,0.04504926751534789
AutoMPG,rmsprop,heuristic,1,0.04472379774313034
AutoMPG,rmsprop,heuristic,2,0.044469747845768494
AutoMPG,rmsprop,heuristic,3,0.04514850907616762
AutoMPG,rmsprop,heuristic,4,0.04503047694229846
AutoMPG,sgd,casp_single,0,0.04613229811284149
AutoMPG,sgd,casp_single,1,0.04613500590336731
AutoMPG,sgd,casp_single,2,0.04613260587154325
AutoMPG,sgd,casp_single,3,0.046133874075216554
AutoMPG,sgd,casp_single,4,0.046137068159467325
AutoMPG,rmsprop,casp_single,0,0.04542068740845432
AutoMPG,rmsprop,casp_single,1,0.04540915781743365
AutoMPG,rmsprop,casp_single,2,0.04541385770370965
AutoMPG,rmsprop,casp_single,3,0.045393237360638106
AutoMPG,rmsprop,casp_single,4,0.04541067902696361
AutoMPG,sgd,casp_adapt,0,0.04802366407351059
AutoMPG,sgd,casp_adapt,1,0.04801635382262261
AutoMPG,sgd,casp_adapt,2,0.048012436079865224
AutoMPG,sgd,casp_adapt,3,0.048018318479855084
AutoMPG,sgd,casp_adapt,4,0.048036764685877344
AutoMPG,rmsprop,casp_adapt,0,0.04382085867848062
AutoMPG,rmsprop,casp_adapt,1,0.0436750354580922
AutoMPG,rmsprop,casp_adapt,2,0.04355746978832801
AutoMPG,rmsprop,casp_adapt,3,0.0435044789314781
AutoMPG,rmsprop,casp_adapt,4,0.04338690910321288
AutoMPG,sgd,random_gauss,0,0.04372233092372661
AutoMPG,sgd,random_gauss,1,0.043571610386094264
AutoMPG,sgd,random_gauss,2,0.044891694502962834
AutoMPG,sgd,random_gauss,3,0.044319217130142356
AutoMPG,sgd,random_gauss,4,0.044813066615857
AutoMPG,rmsprop,random_gauss,0,0.045412468333069896
AutoMPG,rmsprop,random_gauss,1,0.043667215199199125
AutoMPG,rmsprop,random_gauss,2,0.044848906131479
AutoMPG,rmsprop,random_gauss,3,0.04491019839779705
AutoMPG,rmsprop,random_gauss,4,0.04492824977636647
AutoMPG,sgd,kmeans_mf,0,0.04398657090691892
AutoMPG,sgd,kmeans_mf,1,0.04385235790825147
AutoMPG,sgd,kmeans_mf,2,0.0437004819994489
AutoMPG,sgd,kmeans_mf,3,0.04388595402567745
AutoMPG,sgd,kmeans_mf,4,0.04401580594305311
AutoMPG,rmsprop,kmeans_mf,0,0.04381430910477295
AutoMPG,rmsprop,kmeans_mf,1,0.04376028604156169
AutoMPG,rmsprop,kmeans_mf,2,0.043578427909322995
AutoMPG,rmsprop,kmeans_mf,3,0.043576685022612714
AutoMPG,rmsprop,kmeans_mf,4,0.04383700321030631
Concrete,sgd,heuristic,0,0.041261576585031254
Concrete,sgd,heuristic,1,0.04108087217357597
Concrete,sgd,heuristic,2,0.04121702727296803
Concrete,sgd,heuristic,3,0.041083014088882534
Concrete,sgd,heuristic,4,0.04144177382355538
Concrete,rmsprop,heuristic,0,0.04115384769975674
Concrete,rmsprop,heuristic,1,0.04112524627036527
Concrete,rmsprop,heuristic,2,0.04110571582103874
Concrete,rmsprop,heuristic,3,0.04115779190554718
Concrete,rmsprop,heuristic,4,0.04115061073711053
Concrete,sgd,casp_single,0,0.04095196020971946
Concrete,sgd,casp_single,1,0.04096353070713885
Concrete,sgd,casp_single,2,0.04097069134055459
Concrete,sgd,casp_single,3,0.04095803385334843
Concrete,sgd,casp_single,4,0.040954657885064055
Concrete,rmsprop,casp_single,0,0.040990176448245326
Concrete,rmsprop,casp_single,1,0.04095660458235902
Concrete,rmsprop,casp_single,2,0.04102735516143653
Concrete,rmsprop,casp_single,3,0.04099930946159808
Concrete,rmsprop,casp_single,4,0.04096342245815193
Concrete,sgd,casp_adapt,0,0.04089925817403833
Concrete,sgd,casp_adapt,1,0.040910190389011794
Concrete,sgd,casp_adapt,2,0.040914260229766096
Concrete,sgd,casp_adapt,3,0.04090487187369662
Concrete,sgd,casp_adapt,4,0.04090209081004237
Concrete,rmsprop,casp_adapt,0,0.041082039304765464
Concrete,rmsprop,casp_adapt,1,0.04105049953967957
Concrete,rmsprop,casp_adapt,2,0.041077782176333885
Concrete,rmsprop,casp_adapt,3,0.04107151174016052
Concrete,rmsprop,casp_adapt,4,0.04105659453869088
Concrete,sgd,random_gauss,0,0.041256523587001194
Concrete,sgd,random_gauss,1,0.041158674182187646
Concrete,sgd,random_gauss,2,0.041149350788064476
Concrete,sgd,random_gauss,3,0.04102601759938554
Concrete,sgd,random_gauss,4,0.041339991292401145
Concrete,rmsprop,random_gauss,0,0.040981480282330826
Concrete,rmsprop,random_gauss,1,0.04182550121333544
Concrete,rmsprop,random_gauss,2,0.04119689775508273
Concrete,rmsprop,random_gauss,3,0.0409699254172724
Concrete,rmsprop,random_gauss,4,0.05556286095198339
Concrete,sgd,kmeans_mf,0,0.04070383866390164
Concrete,sgd,kmeans_mf,1,0.04064242545291499
Concrete,sgd,kmeans_mf,2,0.040674960879396316
Concrete,sgd,kmeans_mf,3,0.040578810015836554
Concrete,sgd,kmeans_mf,4,0.04078511216838812
Concrete,rmsprop,kmeans_mf,0,0.04077520529215282
Concrete,rmsprop,kmeans_mf,1,0.04071249830172834
Concrete,rmsprop,kmeans_mf,2,0.04061070647690093
Concrete,rmsprop,kmeans_mf,3,0.04075976280399648
Concrete,rmsprop,kmeans_mf,4,0.04080965862097873
Cool,sgd,heuristic,0,0.06659478506100597
Cool,sgd,heuristic,1,0.06664117718598432
Cool,sgd,heuristic,2,0.0670069044771692
Cool,sgd,heuristic,3,0.06693274701848387
Cool,sgd,heuristic,4,0.06600371834862298
Cool,rmsprop,heuristic,0,0.06674292615013777
Cool,rmsprop,heuristic,1,0.06636921207426988
Cool,rmsprop,heuristic,2,0.06564383317105234
Cool,rmsprop,heuristic,3,0.06652861759758993
Cool,rmsprop,heuristic,4,0.06636345489395244
Cool,sgd,casp_single,0,0.06789564907702272
Cool,sgd,casp_single,1,0.06791414328489091
Cool,sgd,casp_single,2,0.06789116475484286
Cool,sgd,casp_single,3,0.06789479374204598
Cool,sgd,casp_single,4,0.06792999800110736
Cool,rmsprop,casp_single,0,0.06701671701180269
Cool,rmsprop,casp_single,1,0.06709216609292322
Cool,rmsprop,casp_single,2,0.06683443717061467
Cool,rmsprop,casp_single,3,0.06679777698369203
Cool,rmsprop,casp_single,4,0.06677709668883847
Cool,sgd,casp_adapt,0,0.06209503348414691
Cool,sgd,casp_adapt,1,0.06204838239460214
Cool,sgd,casp_adapt,2,0.06207263433622692
Cool,sgd,casp_adapt,3,0.06200634336282686
Cool,sgd,casp_adapt,4,0.062005457549310375
Cool,rmsprop,casp_adapt,0,0.06672932141247624
Cool,rmsprop,casp_adapt,1,0.06680633174712147
Cool,rmsprop,casp_adapt,2,0.066537222074934
Cool,rmsprop,casp_adapt,3,0.06660884221910461
Cool,rmsprop,casp_adapt,4,0.06759913967061001
Cool,sgd,random_gauss,0,0.06825512170003502
Cool,sgd,random_gauss,1,0.06847805918453903
Cool,sgd,random_gauss,2,0.056449290117341
Cool,sgd,random_gauss,3,0.06806513845685562
Cool,sgd,random_gauss,4,0.06840089213059958
Cool,rmsprop,random_gauss,0,0.06718993481807685
Cool,rmsprop,random_gauss,1,0.05134552221816645
Cool,rmsprop,random_gauss,2,0.08271991475607635
Cool,rmsprop,random_gauss,3,0.06828113889225607
Cool,rmsprop,random_gauss,4,0.0682768942175907
Cool,sgd,kmeans_mf,0,0.06867851526870407
Cool,sgd,kmeans_mf,1,0.06745987020701495
Cool,sgd,kmeans_mf,2,0.06758419625627127
Cool,sgd,kmeans_mf,3,0.06744127212669203
Cool,sgd,kmeans_mf,4,0.0673398264295737
Cool,rmsprop,kmeans_mf,0,0.06740921387686027
Cool,rmsprop,kmeans_mf,1,0.06722382210289934
Cool,rmsprop,kmeans_mf,2,0.06684258293302751
Cool,rmsprop,kmeans_mf,3,0.06726770834279347
Cool,rmsprop,kmeans_mf,4,0.06673299206981301
Energy,sgd,heuristic,0,0.08050463051320074
Energy,sgd,heuristic,1,0.08066172812839678
Energy,sgd,heuristic,2,0.07999927917796439
Energy,sgd,heuristic,3,0.0802118115943852
Energy,sgd,heuristic,4,0.08043139148174462
Energy,rmsprop,heuristic,0,0.08063616306406542
Energy,rmsprop,heuristic,1,0.0807752788824951
Energy,rmsprop,heuristic,2,0.07987967988503528
Energy,rmsprop,heuristic,3,0.08078816382828578
Energy,rmsprop,heuristic,4,0.08070527668841729
Energy,sgd,casp_single,0,0.06795525214900745
Energy,sgd,casp_single,1,0.06798120017893473
Energy,sgd,casp_single,2,0.06792310273822551
Energy,sgd,casp_single,3,0.06790892432236631
Energy,sgd,casp_single,4,0.06785481816508315
Energy,rmsprop,casp_single,0,0.07893464110958967
Energy,rmsprop,casp_single,1,0.07904501679686436
Energy,rmsprop,casp_single,2,0.0784828599960596
Energy,rmsprop,casp_single,3,0.07856344002253376
Energy,rmsprop,casp_single,4,0.07868593117848534
Energy,sgd,casp_adapt,0,0.07161499838894572
Energy,sgd,casp_adapt,1,0.07158132497781773
Energy,sgd,casp_adapt,2,0.07160072113858171
Energy,sgd,casp_adapt,3,0.07151025375609936
Energy,sgd,casp_adapt,4,0.07154305052535066
Energy,rmsprop,casp_adapt,0,0.07850566068866915
Energy,rmsprop,casp_adapt,1,0.07824216129198641
Energy,rmsprop,casp_adapt,2,0.07824197651675945
Energy,rmsprop,casp_adapt,3,0.07837599974694594
Energy,rmsprop,casp_adapt,4,0.0783941192725537
Energy,sgd,random_gauss,0,0.08050057714810128
Energy,sgd,random_gauss,1,0.0754644148501335
Energy,sgd,random_gauss,2,0.06678633652759032
Energy,sgd,random_gauss,3,0.08161207143271051
Energy,sgd,random_gauss,4,0.08556519720070141
Energy,rmsprop,random_gauss,0,0.08022718127879595
Energy,rmsprop,random_gauss,1,0.07964367481241692
Energy,rmsprop,random_gauss,2,0.08856207604456008
Energy,rmsprop,random_gauss,3,0.07956833067824517
Energy,rmsprop,random_gauss,4,0.08060670558655283
Energy,sgd,kmeans_mf,0,0.07348900645666609
Energy,sgd,kmeans_mf,1,0.0707747779258173
Energy,sgd,kmeans_mf,2,0.07137404619711997
Energy,sgd,kmeans_mf,3,0.07115134081407141
Energy,sgd,kmeans_mf,4,0.07084216913960224
Energy,rmsprop,kmeans_mf,0,0.07985271665123658
Energy,rmsprop,kmeans_mf,1,0.07956078812093571
Energy,rmsprop,kmeans_mf,2,0.0786198515530604
Energy,rmsprop,kmeans_mf,3,0.07853108708519882
Energy,rmsprop,kmeans_mf,4,0.0789721722936074
QSAR,sgd,heuristic,0,0.025528857232928786
QSAR,sgd,heuristic,1,0.025514389929948585
QSAR,sgd,heuristic,2,0.02547616601996702
QSAR,sgd,heuristic,3,0.025454905235680256
QSAR,sgd,heuristic,4,0.025484667344978822
QSAR,rmsprop,heuristic,0,0.026005172498701618
QSAR,rmsprop,heuristic,1,0.02605208878109537
QSAR,rmsprop,heuristic,2,0.026036063307356052
QSAR,rmsprop,heuristic,3,0.026030518733156247
QSAR,rmsprop,heuristic,4,0.025973740396403124
QSAR,sgd,casp_single,0,0.025868571132947348
QSAR,sgd,casp_single,1,0.02587000095666205
QSAR,sgd,casp_single,2,0.025865415785322456
QSAR,sgd,casp_single,3,0.025866499826440566
QSAR,sgd,casp_single,4,0.025862405296399313
QSAR,rmsprop,casp_single,0,0.025924857966194627
QSAR,rmsprop,casp_single,1,0.02592141575896024
QSAR,rmsprop,casp_single,2,0.025914579374799497
QSAR,rmsprop,casp_single,3,0.025920275207257443
QSAR,rmsprop,casp_single,4,0.02590197019465989
QSAR,sgd,casp_adapt,0,0.025633697728894574
QSAR,sgd,casp_adapt,1,0.025634182691251724
QSAR,sgd,casp_adapt,2,0.025633383723495436
QSAR,sgd,casp_adapt,3,0.025633884924637043
QSAR,sgd,casp_adapt,4,0.02563269191831559
QSAR,rmsprop,casp_adapt,0,0.025948794495808756
QSAR,rmsprop,casp_adapt,1,0.025954706903048744
QSAR,rmsprop,casp_adapt,2,0.02593652853855123
QSAR,rmsprop,casp_adapt,3,0.025959254701801306
QSAR,rmsprop,casp_adapt,4,0.02593560321216988
QSAR,sgd,random_gauss,0,0.02643821881381175
QSAR,sgd,random_gauss,1,0.02601698573635533
QSAR,sgd,random_gauss,2,0.02604671146332399
QSAR,sgd,random_gauss,3,0.02596561050265541
QSAR,sgd,random_gauss,4,0.026396346763881157
QSAR,rmsprop,random_gauss,0,0.02604049125632396
QSAR,rmsprop,random_gauss,1,0.02495774790039048
QSAR,rmsprop,random_gauss,2,0.026082474816004647
QSAR,rmsprop,random_gauss,3,0.026271244762290237
QSAR,rmsprop,random_gauss,4,0.02633702005535515
QSAR,sgd,kmeans_mf,0,0.025699054184424773
QSAR,sgd,kmeans_mf,1,0.025689935435421016
QSAR,sgd,kmeans_mf,2,0.025661307997074632
QSAR,sgd,kmeans_mf,3,0.025611854583623046
QSAR,sgd,kmeans_mf,4,0.025745786967345318
QSAR,rmsprop,kmeans_mf,0,0.026093662842796714
QSAR,rmsprop,kmeans_mf,1,0.02612927644841343
QSAR,rmsprop,kmeans_mf,2,0.026158259017207048
QSAR,rmsprop,kmeans_mf,3,0.02607020179529925
QSAR,rmsprop,kmeans_mf,4,0.026046970383178686
Treasury,sgd,heuristic,0,0.0328230704280134
Treasury,sgd,heuristic,1,0.03332361183686167
Treasury,sgd,heuristic,2,0.03263357888659281
Treasury,sgd,heuristic,3,0.03364997606049028
Treasury,sgd,heuristic,4,0.03387561350696984
Treasury,rmsprop,heuristic,0,0.03280945130764266
Treasury,rmsprop,heuristic,1,0.032906472165301785
Treasury,rmsprop,heuristic,2,0.032956075069727565
Treasury,rmsprop,heuristic,3,0.03275473279686693
Treasury,rmsprop,heuristic,4,0.033100630585328285
Treasury,sgd,casp_single,0,0.03461326567687304
Treasury,sgd,casp_single,1,0.03460404837355347
Treasury,sgd,casp_single,2,0.03461577698932458
Treasury,sgd,casp_single,3,0.034641449180579514
Treasury,sgd,casp_single,4,0.03463336166236035
Treasury,rmsprop,casp_single,0,0.034533173536675364
Treasury,rmsprop,casp_single,1,0.03455965617557093
Treasury,rmsprop,casp_single,2,0.03470107725820179
Treasury,rmsprop,casp_single,3,0.03484853814608316
Treasury,rmsprop,casp_single,4,0.034066167307884324
Treasury,sgd,casp_adapt,0,0.03230470843449263
Treasury,sgd,casp_adapt,1,0.03206675471443915
Treasury,sgd,casp_adapt,2,0.032345443822121074
Treasury,sgd,casp_adapt,3,0.03242508232325305
Treasury,sgd,casp_adapt,4,0.03225278089869464
Treasury,rmsprop,casp_adapt,0,0.034313137179509186
Treasury,rmsprop,casp_adapt,1,0.03387825622432664
Treasury,rmsprop,casp_adapt,2,0.03398600294464385
Treasury,rmsprop,casp_adapt,3,0.034171861061070126
Treasury,rmsprop,casp_adapt,4,0.03407084527521961
Treasury,sgd,random_gauss,0,0.03477442293242442
Treasury,sgd,random_gauss,1,0.033596701742716784
Treasury,sgd,random_gauss,2,0.03396300004610229
Treasury,sgd,random_gauss,3,0.1010340991280578
Treasury,sgd,random_gauss,4,0.03418956063179628
Treasury,rmsprop,random_gauss,0,0.0330294112175674
Treasury,rmsprop,random_gauss,1,0.033346873719466964
Treasury,rmsprop,random_gauss,2,0.03448226548147161
Treasury,rmsprop,random_gauss,3,0.09029647724588456
Treasury,rmsprop,random_gauss,4,0.032026453807996756
Treasury,sgd,kmeans_mf,0,0.03277498872190356
Treasury,sgd,kmeans_mf,1,0.03247987177021257
Treasury,sgd,kmeans_mf,2,0.03196889646869428
Treasury,sgd,kmeans_mf,3,0.03292569787643704
Treasury,sgd,kmeans_mf,4,0.0329533353523514
Treasury,rmsprop,kmeans_mf,0,0.03302519960551653
Treasury,rmsprop,kmeans_mf,1,0.03293790419172554
Treasury,rmsprop,kmeans_mf,2,0.033136362868870825
Treasury,rmsprop,kmeans_mf,3,0.03349560090838079
Treasury,rmsprop,kmeans_mf,4,0.03334521083775803
Yacht,sgd,heuristic,0,0.038533791909868796
Yacht,sgd,heuristic,1,0.03860252032971835
Yacht,sgd,heuristic,2,0.038248569093448516
Yacht,sgd,heuristic,3,0.03866489589023042
Yacht,sgd,heuristic,4,0.03831353666359938
Yacht,rmsprop,heuristic,0,0.036859743965692936
Yacht,rmsprop,heuristic,1,0.03722695518669713
Yacht,rmsprop,heuristic,2,0.03684416936447268
Yacht,rmsprop,heuristic,3,0.037043158466611915
Yacht,rmsprop,heuristic,4,0.037058877307650645
Yacht,sgd,casp_single,0,0.03624129987203956
Yacht,sgd,casp_single,1,0.036109663452200215
Yacht,sgd,casp_single,2,0.03624008127801732
Yacht,sgd,casp_single,3,0.03628740148996071
Yacht,sgd,casp_single,4,0.03622424185582686
Yacht,rmsprop,casp_single,0,0.06535577686186549
Yacht,rmsprop,casp_single,1,0.06522569199937663
Yacht,rmsprop,casp_single,2,0.06544153017448312
Yacht,rmsprop,casp_single,3,0.06553508325188993
Yacht,rmsprop,casp_single,4,0.06535665844887381
Yacht,sgd,casp_adapt,0,0.09806057633705494
Yacht,sgd,casp_adapt,1,0.09800519731933299
Yacht,sgd,casp_adapt,2,0.09804620372471856
Yacht,sgd,casp_adapt,3,0.0982477545850814
Yacht,sgd,casp_adapt,4,0.09817765777923808
Yacht,rmsprop,casp_adapt,0,0.08619727141685042
Yacht,rmsprop,casp_adapt,1,0.08614612175919709
Yacht,rmsprop,casp_adapt,2,0.0859434986919475
Yacht,rmsprop,casp_adapt,3,0.08633917131847053
Yacht,rmsprop,casp_adapt,4,0.08604188300392401
Yacht,sgd,random_gauss,0,0.03811764851635841
Yacht,sgd,random_gauss,1,0.037962560425500995
Yacht,sgd,random_gauss,2,0.03795963484553168
Yacht,sgd,random_gauss,3,0.03829410353940297
Yacht,sgd,random_gauss,4,0.037923123399389594
Yacht,rmsprop,random_gauss,0,0.03789719421203355
Yacht,rmsprop,random_gauss,1,0.0272502772373764
Yacht,rmsprop,random_gauss,2,0.037531931844690114
Yacht,rmsprop,random_gauss,3,0.03822809330407075
Yacht,rmsprop,random_gauss,4,0.03818006712602849
Yacht,sgd,kmeans_mf,0,0.038339151218464484
Yacht,sgd,kmeans_mf,1,0.03850837588304747
Yacht,sgd,kmeans_mf,2,0.038266678661276074
Yacht,sgd,kmeans_mf,3,0.03850312403809635
Yacht,sgd,kmeans_mf,4,0.03830505801812745
Yacht,rmsprop,kmeans_mf,0,0.038509509322872074
Yacht,rmsprop,kmeans_mf,1,0.038433479153095626
Yacht,rmsprop,kmeans_mf,2,0.0384766323734601
Yacht,rmsprop,kmeans_mf,3,0.03846282053671474
Yacht,rmsprop,kmeans_mf,4,0.038518422502425965
Baseball,sgd,heuristic,0,0.05200745044727901
Baseball,sgd,heuristic,1,0.05194054512314043
Baseball,sgd,heuristic,2,0.05183331097842087
Baseball,sgd,heuristic,3,0.051988086431022984
Baseball,sgd,heuristic,4,0.0519802728408307
Baseball,rmsprop,heuristic,0,0.051499415083632025
Baseball,rmsprop,heuristic,1,0.05167256416328854
Baseball,rmsprop,heuristic,2,0.05099260663833791
Baseball,rmsprop,heuristic,3,0.05156957781071874
Baseball,rmsprop,heuristic,4,0.05158337385083492
Baseball,sgd,casp_single,0,0.06941765122923525
Baseball,sgd,casp_single,1,0.06942192453377165
Baseball,sgd,casp_single,2,0.0694114774494557
Baseball,sgd,casp_single,3,0.06940634070526921
Baseball,sgd,casp_single,4,0.06943032454446882
Baseball,rmsprop,casp_single,0,0.05197423364792582
Baseball,rmsprop,casp_single,1,0.051959867598220466
Baseball,rmsprop,casp_single,2,0.051953689458731904
Baseball,rmsprop,casp_single,3,0.05195006492650849
Baseball,rmsprop,casp_single,4,0.05197679621496852
Baseball,sgd,casp_adapt,0,0.05194237852910274
Baseball,sgd,casp_adapt,1,0.05195053007085253
Baseball,sgd,casp_adapt,2,0.051938873907548894
Baseball,sgd,casp_adapt,3,0.05193467655919024
Baseball,sgd,casp_adapt,4,0.051955105515751165
Baseball,rmsprop,casp_adapt,0,0.0520781225327699
Baseball,rmsprop,casp_adapt,1,0.05216890749569087
Baseball,rmsprop,casp_adapt,2,0.051744207755254575
Baseball,rmsprop,casp_adapt,3,0.052198835264696916
Baseball,rmsprop,casp_adapt,4,0.051907725316010365
Baseball,sgd,random_gauss,0,0.05102571866919581
Baseball,sgd,random_gauss,1,0.23721425001930857
Baseball,sgd,random_gauss,2,0.05085464965286223
Baseball,sgd,random_gauss,3,0.04978836510985931
Baseball,sgd,random_gauss,4,0.051967901033650385
Baseball,rmsprop,random_gauss,0,0.056399286213953743
Baseball,rmsprop,random_gauss,1,0.05690298507462686
Baseball,rmsprop,random_gauss,2,0.05175033982323898
Baseball,rmsprop,random_gauss,3,0.05219173554087216
Baseball,rmsprop,random_gauss,4,0.051983533944305986
Baseball,sgd,kmeans_mf,0,0.051018469876392816
Baseball,sgd,kmeans_mf,1,0.050875775449325984
Baseball,sgd,kmeans_mf,2,0.050550782178119126
Baseball,sgd,kmeans_mf,3,0.05083067572748875
Baseball,sgd,kmeans_mf,4,0.05085353244278453
Baseball,rmsprop,kmeans_mf,0,0.05186757998854688
Baseball,rmsprop,kmeans_mf,1,0.05182688960064553
Baseball,rmsprop,kmeans_mf,2,0.051807005699207515
Baseball,rmsprop,kmeans_mf,3,0.051848660867358884
Baseball,rmsprop,kmeans_mf,4,0.05183862412546706
Ankara,sgd,heuristic,0,0.04745437192447727
Ankara,sgd,heuristic,1,0.047383868935214714
Ankara,sgd,heuristic,2,0.04741984977237858
Ankara,sgd,heuristic,3,0.047489117242215745
Ankara,sgd,heuristic,4,0.04735605349481819
Ankara,rmsprop,heuristic,0,0.049668889267640626
Ankara,rmsprop,heuristic,1,0.049774748928972386
Ankara,rmsprop,heuristic,2,0.04998000511063298
Ankara,rmsprop,heuristic,3,0.049805818349390914
Ankara,rmsprop,heuristic,4,0.049763828065461736
Ankara,sgd,casp_single,0,0.04801561909369517
Ankara,sgd,casp_single,1,0.04801407041618693
Ankara,sgd,casp_single,2,0.04801696019152721
Ankara,sgd,casp_single,3,0.04801722162021056
Ankara,sgd,casp_single,4,0.048014872566665485
Ankara,rmsprop,casp_single,0,0.04877548462301912
Ankara,rmsprop,casp_single,1,0.0486612102878196
Ankara,rmsprop,casp_single,2,0.048760972130262384
Ankara,rmsprop,casp_single,3,0.04882387292764315
Ankara,rmsprop,casp_single,4,0.04874629064537498
Ankara,sgd,casp_adapt,0,0.0484477867957934
Ankara,sgd,casp_adapt,1,0.04844653832941829
Ankara,sgd,casp_adapt,2,0.048447799748197004
Ankara,sgd,casp_adapt,3,0.048447937448822795
Ankara,sgd,casp_adapt,4,0.04844595715612342
Ankara,rmsprop,casp_adapt,0,0.04876447087273503
Ankara,rmsprop,casp_adapt,1,0.04862678767932298
Ankara,rmsprop,casp_adapt,2,0.04867586024383278
Ankara,rmsprop,casp_adapt,3,0.04874753489259843
Ankara,rmsprop,casp_adapt,4,0.048661349976359125
Ankara,sgd,random_gauss,0,0.04938506326934355
Ankara,sgd,random_gauss,1,0.05045735344091228
Ankara,sgd,random_gauss,2,0.049385418127848
Ankara,sgd,random_gauss,3,0.050192670057557676
Ankara,sgd,random_gauss,4,0.04984239042226594
Ankara,rmsprop,random_gauss,0,0.049309132134273875
Ankara,rmsprop,random_gauss,1,0.049556228158808044
Ankara,rmsprop,random_gauss,2,0.04924896262225932
Ankara,rmsprop,random_gauss,3,0.050077805082581625
Ankara,rmsprop,random_gauss,4,0.04963269046279282
Ankara,sgd,kmeans_mf,0,0.04710875784223656
Ankara,sgd,kmeans_mf,1,0.04700077366175909
Ankara,sgd,kmeans_mf,2,0.04704150664094806
Ankara,sgd,kmeans_mf,3,0.047044427934814226
Ankara,sgd,kmeans_mf,4,0.04695704075643899
Ankara,rmsprop,kmeans_mf,0,0.049551509592604064
Ankara,rmsprop,kmeans_mf,1,0.049261935590616014
Ankara,rmsprop,kmeans_mf,2,0.049665855646448494
Ankara,rmsprop,kmeans_mf,3,0.04940383449084133
Ankara,rmsprop,kmeans_mf,4,0.04973741853806405
Izmir,sgd,heuristic,0,0.06204860550967226
Izmir,sgd,heuristic,1,0.0623299477612941
Izmir,sgd,heuristic,2,0.06223983027085474
Izmir,sgd,heuristic,3,0.06237547841850718
Izmir,sgd,heuristic,4,0.062309661186235564
Izmir,rmsprop,heuristic,0,0.062488238545523524
Izmir,rmsprop,heuristic,1,0.0628016683663231
Izmir,rmsprop,heuristic,2,0.06267312784586777
Izmir,rmsprop,heuristic,3,0.06325684172437111
Izmir,rmsprop,heuristic,4,0.06280823265923684
Izmir,sgd,casp_single,0,0.059808769308337784
Izmir,sgd,casp_single,1,0.05982712562668887
Izmir,sgd,casp_single,2,0.05987268478625322
Izmir,sgd,casp_single,3,0.059830907642534854
Izmir,sgd,casp_single,4,0.05984575844238098
Izmir,rmsprop,casp_single,0,0.062256655613930276
Izmir,rmsprop,casp_single,1,0.0624809800023674
Izmir,rmsprop,casp_single,2,0.06246232384062031
Izmir,rmsprop,casp_single,3,0.062408231779043026
Izmir,rmsprop,casp_single,4,0.06251212197875693
Izmir,sgd,casp_adapt,0,0.06198346814780605
Izmir,sgd,casp_adapt,1,0.06199727066365502
Izmir,sgd,casp_adapt,2,0.06200632590033976
Izmir,sgd,casp_adapt,3,0.061982758465331134
Izmir,sgd,casp_adapt,4,0.0619783074504074
Izmir,rmsprop,casp_adapt,0,0.06249078770515092
Izmir,rmsprop,casp_adapt,1,0.06278412113283686
Izmir,rmsprop,casp_adapt,2,0.06280375674993464
Izmir,rmsprop,casp_adapt,3,0.06269439621465
Izmir,rmsprop,casp_adapt,4,0.06284815598538031
Izmir,sgd,random_gauss,0,0.06298242364742176
Izmir,sgd,random_gauss,1,0.06531552633741976
Izmir,sgd,random_gauss,2,0.05923511554264834
Izmir,sgd,random_gauss,3,0.06416957317649426
Izmir,sgd,random_gauss,4,0.0601657859863578
Izmir,rmsprop,random_gauss,0,0.06523429794325018
Izmir,rmsprop,random_gauss,1,0.06497926207617177
Izmir,rmsprop,random_gauss,2,0.06414563972185446
Izmir,rmsprop,random_gauss,3,0.06546369319482766
Izmir,rmsprop,random_gauss,4,0.06480326820313913
Izmir,sgd,kmeans_mf,0,0.06213484567271353
Izmir,sgd,kmeans_mf,1,0.06212593832406913
Izmir,sgd,kmeans_mf,2,0.062124380306462036
Izmir,sgd,kmeans_mf,3,0.06238309649524215
Izmir,sgd,kmeans_mf,4,0.06230432823588435
Izmir,rmsprop,kmeans_mf,0,0.062488059250441534
Izmir,rmsprop,kmeans_mf,1,0.06278545735805074
Izmir,rmsprop,kmeans_mf,2,0.06263389255927299
Izmir,rmsprop,kmeans_mf,3,0.06289885261899995
Izmir,rmsprop,kmeans_mf,4,0.06281117280015702
Categorical,sgd,heuristic,0,0.055775082434077035
Categorical,sgd,heuristic,1,0.05558225965835469
Categorical,sgd,heuristic,2,0.0556796296433756
Categorical,sgd,heuristic,3,0.05583019030489362
Categorical,sgd,heuristic,4,0.05547957276320123
Categorical,rmsprop,heuristic,0,0.05410310551725413
Categorical,rmsprop,heuristic,1,0.054366927211165976
Categorical,rmsprop,heuristic,2,0.05429334512169201
Categorical,rmsprop,heuristic,3,0.05421807814818827
Categorical,rmsprop,heuristic,4,0.054163877984520235
Categorical,sgd,casp_single,0,0.0541254373127195
Categorical,sgd,casp_single,1,0.054238285187667365
Categorical,sgd,casp_single,2,0.05417566317428547
Categorical,sgd,casp_single,3,0.054074134015244
Categorical,sgd,casp_single,4,0.054111925756480356
Categorical,rmsprop,casp_single,0,0.0556258471764588
Categorical,rmsprop,casp_single,1,0.055427380325641755
Categorical,rmsprop,casp_single,2,0.055700349520276284
Categorical,rmsprop,casp_single,3,0.05539065885926735
Categorical,rmsprop,casp_single,4,0.05527181837338187
Categorical,sgd,casp_adapt,0,0.05590491639340825
Categorical,sgd,casp_adapt,1,0.05590582067940668
Categorical,sgd,casp_adapt,2,0.05590527321885931
Categorical,sgd,casp_adapt,3,0.05589992233092887
Categorical,sgd,casp_adapt,4,0.05590636607725924
Categorical,rmsprop,casp_adapt,0,0.055906010236730454
Categorical,rmsprop,casp_adapt,1,0.05590432139366858
Categorical,rmsprop,casp_adapt,2,0.05590415172325268
Categorical,rmsprop,casp_adapt,3,0.05589957182982562
Categorical,rmsprop,casp_adapt,4,0.05590054721183169
Categorical,sgd,random_gauss,0,0.05532805703434514
Categorical,sgd,random_gauss,1,0.22076069062840054
Categorical,sgd,random_gauss,2,0.20747060087591013
Categorical,sgd,random_gauss,3,0.20747066634523362
Categorical,sgd,random_gauss,4,0.20747060089124839
Categorical,rmsprop,random_gauss,0,0.05456208871408073
Categorical,rmsprop,random_gauss,1,0.0558960157990867
Categorical,rmsprop,random_gauss,2,0.05444003645726965
Categorical,rmsprop,random_gauss,3,0.20747060007225596
Categorical,rmsprop,random_gauss,4,0.05588191143290424
Categorical,sgd,kmeans_mf,0,0.0555272906530873
Categorical,sgd,kmeans_mf,1,0.055404590336756036
Categorical,sgd,kmeans_mf,2,0.05554539394842102
Categorical,sgd,kmeans_mf,3,0.05550911860782709
Categorical,sgd,kmeans_mf,4,0.05557301840273842
Categorical,rmsprop,kmeans_mf,0,0.05420137487095753
Categorical,rmsprop,kmeans_mf,1,0.05442071335573288
Categorical,rmsprop,kmeans_mf,2,0.054430077929094774
Categorical,rmsprop,kmeans_mf,3,0.05433517090928703
Categorical,rmsprop,kmeans_mf,4,0.05441140131921906
Computer,sgd,heuristic,0,0.19745351566452007
Computer,sgd,heuristic,1,0.007477637043629743
Computer,sgd,heuristic,2,0.007578323250667217
Computer,sgd,heuristic,3,0.007513651334003598
Computer,sgd,heuristic,4,0.00754558296442319
Computer,rmsprop,heuristic,0,0.006824250149016073
Computer,rmsprop,heuristic,1,0.006704837026018315
Computer,rmsprop,heuristic,2,0.006836993494062468
Computer,rmsprop,heuristic,3,0.006817683134340244
Computer,rmsprop,heuristic,4,0.006907203224713632
Computer,sgd,casp_single,0,0.013256416965355384
Computer,sgd,casp_single,1,0.013266125455903464
Computer,sgd,casp_single,2,0.013287118935332135
Computer,sgd,casp_single,3,0.013229317692897142
Computer,sgd,casp_single,4,0.01324026682812087
Computer,rmsprop,casp_single,0,0.06582592080455736
Computer,rmsprop,casp_single,1,0.06560202128638773
Computer,rmsprop,casp_single,2,0.06571264512858636
Computer,rmsprop,casp_single,3,0.06560508412481678
Computer,rmsprop,casp_single,4,0.06541520198101444
Computer,sgd,casp_adapt,0,0.010097921516998069
Computer,sgd,casp_adapt,1,0.010105346480436019
Computer,sgd,casp_adapt,2,0.010124213698235435
Computer,sgd,casp_adapt,3,0.010083380194471208
Computer,sgd,casp_adapt,4,0.010087100270348068
Computer,rmsprop,casp_adapt,0,0.09490067440488714
Computer,rmsprop,casp_adapt,1,0.09495566999166313
Computer,rmsprop,casp_adapt,2,0.09474969255120012
Computer,rmsprop,casp_adapt,3,0.09469337522906428
Computer,rmsprop,casp_adapt,4,0.09465645112660785
Computer,sgd,random_gauss,0,0.008392423265123235
Computer,sgd,random_gauss,1,0.18319266976248474
Computer,sgd,random_gauss,2,0.008861616054614697
Computer,sgd,random_gauss,3,0.13616758534137943
Computer,sgd,random_gauss,4,0.01299762762601285
Computer,rmsprop,random_gauss,0,0.013045086462141706
Computer,rmsprop,random_gauss,1,0.009445133651206574
Computer,rmsprop,random_gauss,2,0.007414057732019714
Computer,rmsprop,random_gauss,3,0.009476833841647034
Computer,rmsprop,random_gauss,4,0.012997546047790779
Computer,sgd,kmeans_mf,0,0.009004306334956715
Computer,sgd,kmeans_mf,1,0.009083526372956943
Computer,sgd,kmeans_mf,2,0.00803037880341243
Computer,sgd,kmeans_mf,3,0.008971941743126158
Computer,sgd,kmeans_mf,4,0.009027229171553177
Computer,rmsprop,kmeans_mf,0,0.008408420222410062
Computer,rmsprop,kmeans_mf,1,0.008324679229703962
Computer,rmsprop,kmeans_mf,2,0.008354737678813567
Computer,rmsprop,kmeans_mf,3,0.00834661496559658
Computer,rmsprop,kmeans_mf,4,0.008321718062736017
Electrical,sgd,heuristic,0,0.04565142719036346
Electrical,sgd,heuristic,1,0.045820439257588164
Electrical,sgd,heuristic,2,0.04583726176802222
Electrical,sgd,heuristic,3,0.04589544118521668
Electrical,sgd,heuristic,4,0.04595810541174434
Electrical,rmsprop,heuristic,0,0.04686386267550706
Electrical,rmsprop,heuristic,1,0.04695239293046497
Electrical,rmsprop,heuristic,2,0.04684474030385098
Electrical,rmsprop,heuristic,3,0.0471938766282575
Electrical,rmsprop,heuristic,4,0.046924789054887006
Electrical,sgd,casp_single,0,0.0472858202153804
Electrical,sgd,casp_single,1,0.04494997210196544
Electrical,sgd,casp_single,2,0.04714809056542165
Electrical,sgd,casp_single,3,0.04431267650265954
Electrical,sgd,casp_single,4,0.04548944104435861
Electrical,rmsprop,casp_single,0,0.04850239278892597
Electrical,rmsprop,casp_single,1,0.0482141616118459
Electrical,rmsprop,casp_single,2,0.04864922304396332
Electrical,rmsprop,casp_single,3,0.048023579758028526
Electrical,rmsprop,casp_single,4,0.04868661424992587
Electrical,sgd,casp_adapt,0,0.04603794897733745
Electrical,sgd,casp_adapt,1,0.046097971137166745
Electrical,sgd,casp_adapt,2,0.045956613666251006
Electrical,sgd,casp_adapt,3,0.046007714642440155
Electrical,sgd,casp_adapt,4,0.04609666067611081
Electrical,rmsprop,casp_adapt,0,0.04804551334455977
Electrical,rmsprop,casp_adapt,1,0.04808469249365945
Electrical,rmsprop,casp_adapt,2,0.04814706110091793
Electrical,rmsprop,casp_adapt,3,0.04808868450833553
Electrical,rmsprop,casp_adapt,4,0.04813716730067675
Electrical,sgd,random_gauss,0,0.04825096732959214
Electrical,sgd,random_gauss,1,0.04124094205495086
Electrical,sgd,random_gauss,2,0.048276732856845944
Electrical,sgd,random_gauss,3,0.0487120503919085
Electrical,sgd,random_gauss,4,0.048155381680733286
Electrical,rmsprop,random_gauss,0,0.04699623828602816
Electrical,rmsprop,random_gauss,1,0.03747500093504087
Electrical,rmsprop,random_gauss,2,0.04741439456366926
Electrical,rmsprop,random_gauss,3,0.048350855750770284
Electrical,rmsprop,random_gauss,4,0.04775966234614959
Electrical,sgd,kmeans_mf,0,0.04584913903702276
Electrical,sgd,kmeans_mf,1,0.04592231006836846
Electrical,sgd,kmeans_mf,2,0.0455287739718086
Electrical,sgd,kmeans_mf,3,0.0461802661761839
Electrical,sgd,kmeans_mf,4,0.04610991802271991
Electrical,rmsprop,kmeans_mf,0,0.04738974358079915
Electrical,rmsprop,kmeans_mf,1,0.047146667256121697
Electrical,rmsprop,kmeans_mf,2,0.04724067735610768
Electrical,rmsprop,kmeans_mf,3,0.047579576445539534
Electrical,rmsprop,kmeans_mf,4,0.04735089093903195
Laser,sgd,heuristic,0,0.040925830112558965
Laser,sgd,heuristic,1,0.041038065688688924
Laser,sgd,heuristic,2,0.04107092193610346
Laser,sgd,heuristic,3,0.04120912968454866
Laser,sgd,heuristic,4,0.041014286340589186
Laser,rmsprop,heuristic,0,0.04225254771106944
Laser,rmsprop,heuristic,1,0.04183079904470056
Laser,rmsprop,heuristic,2,0.0421998866405974
Laser,rmsprop,heuristic,3,0.042104708376394
Laser,rmsprop,heuristic,4,0.04243435064713104
Laser,sgd,casp_single,0,0.041718924168035895
Laser,sgd,casp_single,1,0.04170237340806853
Laser,sgd,casp_single,2,0.041731027564545525
Laser,sgd,casp_single,3,0.0416838504476811
Laser,sgd,casp_single,4,0.041733688573656044
Laser,rmsprop,casp_single,0,0.0430355839040745
Laser,rmsprop,casp_single,1,0.042870663307463676
Laser,rmsprop,casp_single,2,0.04241204940976741
Laser,rmsprop,casp_single,3,0.04150405239797909
Laser,rmsprop,casp_single,4,0.041779366135106015
Laser,sgd,casp_adapt,0,0.040793863520770524
Laser,sgd,casp_adapt,1,0.040793043126790995
Laser,sgd,casp_adapt,2,0.04080927236823076
Laser,sgd,casp_adapt,3,0.04077993968994413
Laser,sgd,casp_adapt,4,0.040830075047700067
Laser,rmsprop,casp_adapt,0,0.042815497684112566
Laser,rmsprop,casp_adapt,1,0.04284572062206801
Laser,rmsprop,casp_adapt,2,0.04289022954357885
Laser,rmsprop,casp_adapt,3,0.04283817001694276
Laser,rmsprop,casp_adapt,4,0.04251234397199034
Laser,sgd,random_gauss,0,0.04231815245365913
Laser,sgd,random_gauss,1,0.04235052601878889
Laser,sgd,random_gauss,2,0.04311111193517026
Laser,sgd,random_gauss,3,0.0421438432814381
Laser,sgd,random_gauss,4,0.043296508824430334
Laser,rmsprop,random_gauss,0,0.04221352585858333
Laser,rmsprop,random_gauss,1,0.04268457322318813
Laser,rmsprop,random_gauss,2,0.043210138776897854
Laser,rmsprop,random_gauss,3,0.04224881076445285
Laser,rmsprop,random_gauss,4,0.04315421332733295
Laser,sgd,kmeans_mf,0,0.04188634125155435
Laser,sgd,kmeans_mf,1,0.04215822680480264
Laser,sgd,kmeans_mf,2,0.041732956473747466
Laser,sgd,kmeans_mf,3,0.04214126917972144
Laser,sgd,kmeans_mf,4,0.04205872512996824
Laser,rmsprop,kmeans_mf,0,0.04161724699454348
Laser,rmsprop,kmeans_mf,1,0.041723192465960984
Laser,rmsprop,kmeans_mf,2,0.042034614363127915
Laser,rmsprop,kmeans_mf,3,0.041463333889924854
Laser,rmsprop,kmeans_mf,4,0.04184285004476406
Prices,sgd,heuristic,0,0.041398659548160445
Prices,sgd,heuristic,1,0.04172168025230603
Prices,sgd,heuristic,2,0.04163464896134527
Prices,sgd,heuristic,3,0.041639480242322814
Prices,sgd,heuristic,4,0.04172824976493587
Prices,rmsprop,heuristic,0,0.043085088578481145
Prices,rmsprop,heuristic,1,0.04337542429968543
Prices,rmsprop,heuristic,2,0.04327434335800971
Prices,rmsprop,heuristic,3,0.04312500960411847
Prices,rmsprop,heuristic,4,0.04334554719775812
Prices,sgd,casp_single,0,0.0420011824439386
Prices,sgd,casp_single,1,0.04200973585411438
Prices,sgd,casp_single,2,0.042022049382636255
Prices,sgd,casp_single,3,0.042008352474374344
Prices,sgd,casp_single,4,0.042022273696931206
Prices,rmsprop,casp_single,0,0.042873302035261844
Prices,rmsprop,casp_single,1,0.04326788715812203
Prices,rmsprop,casp_single,2,0.04325411457511943
Prices,rmsprop,casp_single,3,0.04303231482046477
Prices,rmsprop,casp_single,4,0.04312471332064901
Prices,sgd,casp_adapt,0,0.0425163924957452
Prices,sgd,casp_adapt,1,0.04252721079518811
Prices,sgd,casp_adapt,2,0.04252383337832106
Prices,sgd,casp_adapt,3,0.04252092644861417
Prices,sgd,casp_adapt,4,0.04253047027910016
Prices,rmsprop,casp_adapt,0,0.04338654944641074
Prices,rmsprop,casp_adapt,1,0.04343904355721541
Prices,rmsprop,casp_adapt,2,0.043318314998600005
Prices,rmsprop,casp_adapt,3,0.04338224525321427
Prices,rmsprop,casp_adapt,4,0.04345200232631034
Prices,sgd,random_gauss,0,0.04387762440811683
Prices,sgd,random_gauss,1,0.04419524653402356
Prices,sgd,random_gauss,2,0.044810862446129536
Prices,sgd,random_gauss,3,0.04399401987498738
Prices,sgd,random_gauss,4,0.04417046012145132
Prices,rmsprop,random_gauss,0,0.044102777348927036
Prices,rmsprop,random_gauss,1,0.04529956199397642
Prices,rmsprop,random_gauss,2,0.04231725323501212
Prices,rmsprop,random_gauss,3,0.04420678099896925
Prices,rmsprop,random_gauss,4,0.04419304917706598
Prices,sgd,kmeans_mf,0,0.041976473766845476
Prices,sgd,kmeans_mf,1,0.04225542162525002
Prices,sgd,kmeans_mf,2,0.0421496853662016
Prices,sgd,kmeans_mf,3,0.04210209071860084
Prices,sgd,kmeans_mf,4,0.04216874097981928
Prices,rmsprop,kmeans_mf,0,0.043038967463204666
Prices,rmsprop,kmeans_mf,1,0.04286258586592807
Prices,rmsprop,kmeans_mf,2,0.043228275985951206
Prices,rmsprop,kmeans_mf,3,0.04292614887204218
Prices,rmsprop,kmeans_mf,4,0.04330085535924429
Heat,sgd,heuristic,0,0.04448709966985478
Heat,sgd,heuristic,1,0.0444583653319424
Heat,sgd,heuristic,2,0.044515167396961076
Heat,sgd,heuristic,3,0.044528727815639234
Heat,sgd,heuristic,4,0.04431980012085712
Heat,rmsprop,heuristic,0,0.04465275524977235
Heat,rmsprop,heuristic,1,0.044506517459994545
Heat,rmsprop,heuristic,2,0.04386351957539972
Heat,rmsprop,heuristic,3,0.04432870579938104
Heat,rmsprop,heuristic,4,0.0446242036671287
Heat,sgd,casp_single,0,0.04374788441091586
Heat,sgd,casp_single,1,0.04375674084127786
Heat,sgd,casp_single,2,0.043770729252177225
Heat,sgd,casp_single,3,0.04375879252997901
Heat,sgd,casp_single,4,0.04373918015119802
Heat,rmsprop,casp_single,0,0.04401290987534856
Heat,rmsprop,casp_single,1,0.04384559749549577
Heat,rmsprop,casp_single,2,0.043957705411792565
Heat,rmsprop,casp_single,3,0.04391001998161037
Heat,rmsprop,casp_single,4,0.04393513893481625
Heat,sgd,casp_adapt,0,0.04332647744197633
Heat,sgd,casp_adapt,1,0.04332751773933608
Heat,sgd,casp_adapt,2,0.04333450871782733
Heat,sgd,casp_adapt,3,0.043328498502952846
Heat,sgd,casp_adapt,4,0.043320855563131214
Heat,rmsprop,casp_adapt,0,0.04405118096576612
Heat,rmsprop,casp_adapt,1,0.044017003012156886
Heat,rmsprop,casp_adapt,2,0.044056025958528554
Heat,rmsprop,casp_adapt,3,0.04400205107933363
Heat,rmsprop,casp_adapt,4,0.044062644686183504
Heat,sgd,random_gauss,0,0.04495053759962164
Heat,sgd,random_gauss,1,0.04494404783239624
Heat,sgd,random_gauss,2,0.0448971235137216
Heat,sgd,random_gauss,3,0.044153425282458185
Heat,sgd,random_gauss,4,0.044907413055880516
Heat,rmsprop,random_gauss,0,0.0445977749667267
Heat,rmsprop,random_gauss,1,0.044933325094100786
Heat,rmsprop,random_gauss,2,0.04461394101721128
Heat,rmsprop,random_gauss,3,0.0445052953453191
Heat,rmsprop,random_gauss,4,0.0448956007687906
Heat,sgd,kmeans_mf,0,0.042193275585814045
Heat,sgd,kmeans_mf,1,0.04301375824099419
Heat,sgd,kmeans_mf,2,0.042226062304696964
Heat,sgd,kmeans_mf,3,0.04216919034569579
Heat,sgd,kmeans_mf,4,0.042150581473890884
Heat,rmsprop,kmeans_mf,0,0.0447358122824013
Heat,rmsprop,kmeans_mf,1,0.04492714188050525
Heat,rmsprop,kmeans_mf,2,0.044717528819591366
Heat,rmsprop,kmeans_mf,3,0.045081015361732577
Heat,rmsprop,kmeans_mf,4,0.04487510672392656
Wine,sgd,heuristic,0,0.02307278158409969
Wine,sgd,heuristic,1,0.02296827838708358
Wine,sgd,heuristic,2,0.02296205518113039
Wine,sgd,heuristic,3,0.02299575000687381
Wine,sgd,heuristic,4,0.02300192182794712
Wine,rmsprop,heuristic,0,0.023005857567064893
Wine,rmsprop,heuristic,1,0.022946301293641832
Wine,rmsprop,heuristic,2,0.022970401885542495
Wine,rmsprop,heuristic,3,0.022985498188720067
Wine,rmsprop,heuristic,4,0.02298876076160451
Wine,sgd,casp_single,0,0.02301532047763293
Wine,sgd,casp_single,1,0.023020009573952626
Wine,sgd,casp_single,2,0.02301453301512591
Wine,sgd,casp_single,3,0.0230151283433237
Wine,sgd,casp_single,4,0.023015924738981557
Wine,rmsprop,casp_single,0,0.02296997221480334
Wine,rmsprop,casp_single,1,0.022982329271906764
Wine,rmsprop,casp_single,2,0.022958363656518366
Wine,rmsprop,casp_single,3,0.02296784512989982
Wine,rmsprop,casp_single,4,0.022970710520386118
Wine,sgd,casp_adapt,0,0.023139694819863083
Wine,sgd,casp_adapt,1,0.02314102148167419
Wine,sgd,casp_adapt,2,0.023138615420245052
Wine,sgd,casp_adapt,3,0.02313948219078628
Wine,sgd,casp_adapt,4,0.023138930993499167
Wine,rmsprop,casp_adapt,0,0.02290361523640402
Wine,rmsprop,casp_adapt,1,0.022881900659717385
Wine,rmsprop,casp_adapt,2,0.02287182352369928
Wine,rmsprop,casp_adapt,3,0.02287657619931311
Wine,rmsprop,casp_adapt,4,0.022874426632021206
Wine,sgd,random_gauss,0,0.022728333216426262
Wine,sgd,random_gauss,1,0.022883518308787744
Wine,sgd,random_gauss,2,0.022990698930687288
Wine,sgd,random_gauss,3,0.022935882176240523
Wine,sgd,random_gauss,4,0.02295997841442813
Wine,rmsprop,random_gauss,0,0.02297133778141602
Wine,rmsprop,random_gauss,1,0.022973699651159953
Wine,rmsprop,random_gauss,2,0.023010917486527862
Wine,rmsprop,random_gauss,3,0.023011480191948024
Wine,rmsprop,random_gauss,4,0.023026939133136595
Wine,sgd,kmeans_mf,0,0.022705254182195135
Wine,sgd,kmeans_mf,1,0.022683268032732733
Wine,sgd,kmeans_mf,2,0.022566346010589464
Wine,sgd,kmeans_mf,3,0.02270224349624325
Wine,sgd,kmeans_mf,4,0.02271506160396141
Wine,rmsprop,kmeans_mf,0,0.022928772636080487
Wine,rmsprop,kmeans_mf,1,0.022874115878812464
Wine,rmsprop,kmeans_mf,2,0.02285980662418871
Wine,rmsprop,kmeans_mf,3,0.022931381033329173
Wine,rmsprop,kmeans_mf,4,0.022926144994017756
AutoMPG6,sgd,heuristic,0,0.02293270794855134
AutoMPG6,sgd,heuristic,1,0.0208043056293122
AutoMPG6,sgd,heuristic,2,0.022140877576865774
AutoMPG6,sgd,heuristic,3,0.02068740793053629
AutoMPG6,sgd,heuristic,4,0.020593648905217893
AutoMPG6,rmsprop,heuristic,0,0.019541179338376607
AutoMPG6,rmsprop,heuristic,1,0.02039255994189541
AutoMPG6,rmsprop,heuristic,2,0.017921018631341035
AutoMPG6,rmsprop,heuristic,3,0.018173011589388784
AutoMPG6,rmsprop,heuristic,4,0.020667897300326782
AutoMPG6,sgd,casp_single,0,0.03119415532026819
AutoMPG6,sgd,casp_single,1,0.03091983437581142
AutoMPG6,sgd,casp_single,2,0.031391581275862446
AutoMPG6,sgd,casp_single,3,0.03145666329728186
AutoMPG6,sgd,casp_single,4,0.03210676013075463
AutoMPG6,rmsprop,casp_single,0,0.052664556317120324
AutoMPG6,rmsprop,casp_single,1,0.0513845863328913
AutoMPG6,rmsprop,casp_single,2,0.05152102986186132
AutoMPG6,rmsprop,casp_single,3,0.053378377894854424
AutoMPG6,rmsprop,casp_single,4,0.053023417484327214
AutoMPG6,sgd,casp_adapt,0,0.06876581675482599
AutoMPG6,sgd,casp_adapt,1,0.06888000548654707
AutoMPG6,sgd,casp_adapt,2,0.06931255816987711
AutoMPG6,sgd,casp_adapt,3,0.0693261790936523
AutoMPG6,sgd,casp_adapt,4,0.06978101240173946
AutoMPG6,rmsprop,casp_adapt,0,0.06287994326744777
AutoMPG6,rmsprop,casp_adapt,1,0.06238876341530136
AutoMPG6,rmsprop,casp_adapt,2,0.06249741153633275
AutoMPG6,rmsprop,casp_adapt,3,0.06323816297331844
AutoMPG6,rmsprop,casp_adapt,4,0.06399776181601344
AutoMPG6,sgd,random_gauss,0,nan
AutoMPG6,sgd,random_gauss,1,nan
AutoMPG6,sgd,random_gauss,2,nan
AutoMPG6,sgd,random_gauss,3,nan
AutoMPG6,sgd,random_gauss,4,nan
AutoMPG6,rmsprop,random_gauss,0,nan
AutoMPG6,rmsprop,random_gauss,1,nan
AutoMPG6,rmsprop,random_gauss,2,nan
AutoMPG6,rmsprop,random_gauss,3,nan
AutoMPG6,rmsprop,random_gauss,4,nan
AutoMPG6,sgd,kmeans_mf,0,nan
AutoMPG6,sgd,kmeans_mf,1,nan
AutoMPG6,sgd,kmeans_mf,2,nan
AutoMPG6,sgd,kmeans_mf,3,nan
AutoMPG6,sgd,kmeans_mf,4,nan
AutoMPG6,rmsprop,kmeans_mf,0,nan
AutoMPG6,rmsprop,kmeans_mf,1,nan
AutoMPG6,rmsprop,kmeans_mf,2,nan
AutoMPG6,rmsprop,kmeans_mf,3,nan
AutoMPG6,rmsprop,kmeans_mf,4,nan
